Photo,"Label (1 = Striped, 0 = Unstriped)"
00001100_003.jpg,
00001100_008.jpg,
00001100_009.jpg,
00001100_010.jpg,
00001100_014.jpg,
00001100_020.jpg,
00001100_022.jpg,
00001100_023.jpg,
00001100_024.jpg,
00001100_028.jpg,
00001101_001.jpg,
00001101_014.jpg,
00001101_016.jpg,
00001101_022.jpg,
00001101_029.jpg,
00001102_003.jpg,
00001102_008.jpg,
00001102_011.jpg,
00001102_013.jpg,
00001102_019.jpg,
00001102_021.jpg,
00001102_022.jpg,
00001102_025.jpg,
00001102_026.jpg,
00001102_027.jpg,
00001102_028.jpg,
00001103_003.jpg,
00001103_011.jpg,
00001103_016.jpg,
00001103_020.jpg,
00001103_021.jpg,
00001103_024.jpg,
00001103_025.jpg,
00001103_026.jpg,
00001104_000.jpg,
00001104_002.jpg,
00001104_014.jpg,
00001104_015.jpg,
00001104_022.jpg,
00001104_024.jpg,
00001104_025.jpg,
00001104_029.jpg,
00001105_000.jpg,
00001105_001.jpg,
00001105_004.jpg,
00001105_006.jpg,
00001105_014.jpg,
00001105_018.jpg,
00001105_020.jpg,
00001105_028.jpg,
00001106_002.jpg,
00001106_021.jpg,
00001106_023.jpg,
00001107_000.jpg,
00001107_004.jpg,
00001107_011.jpg,
00001107_021.jpg,
00001107_028.jpg,
00001108_000.jpg,
00001108_001.jpg,
00001108_003.jpg,
00001108_006.jpg,
00001108_009.jpg,
00001108_010.jpg,
00001108_011.jpg,
00001108_016.jpg,
00001108_019.jpg,
00001108_024.jpg,
00001108_025.jpg,
00001108_026.jpg,
00001109_002.jpg,
00001109_005.jpg,
00001109_009.jpg,
00001109_018.jpg,
00001109_019.jpg,
00001109_020.jpg,
00001109_021.jpg,
00001109_025.jpg,
00001110_014.jpg,
00001110_017.jpg,
00001110_018.jpg,
00001110_023.jpg,
00001110_025.jpg,
00001110_027.jpg,
00001110_028.jpg,
00001111_004.jpg,
00001111_005.jpg,
00001111_007.jpg,
00001111_010.jpg,
00001111_014.jpg,
00001111_015.jpg,
00001111_016.jpg,
00001111_022.jpg,
00001112_000.jpg,
00001112_001.jpg,
00001112_025.jpg,
00001112_026.jpg,
00001112_029.jpg,
00001113_009.jpg,
00001113_012.jpg,
00001113_014.jpg,
00001113_015.jpg,
00001113_022.jpg,
00001113_026.jpg,
00001114_000.jpg,
00001114_004.jpg,
00001114_007.jpg,
00001114_012.jpg,
00001114_013.jpg,
00001114_018.jpg,
00001114_019.jpg,
00001114_022.jpg,
00001115_002.jpg,
00001115_007.jpg,
00001115_008.jpg,
00001115_014.jpg,
00001115_016.jpg,
00001115_021.jpg,
00001115_025.jpg,
00001115_028.jpg,
00001116_009.jpg,
00001116_014.jpg,
00001116_027.jpg,
00001116_029.jpg,
00001117_003.jpg,
00001117_009.jpg,
00001117_017.jpg,
00001117_019.jpg,
00001117_020.jpg,
00001118_007.jpg,
00001118_015.jpg,
00001118_018.jpg,
00001118_026.jpg,
00001119_000.jpg,
00001119_004.jpg,
00001119_008.jpg,
00001119_012.jpg,
00001119_013.jpg,
00001119_022.jpg,
00001120_002.jpg,
00001120_011.jpg,
00001120_013.jpg,
00001120_016.jpg,
00001120_020.jpg,
00001120_021.jpg,
00001121_016.jpg,
00001121_027.jpg,
00001122_002.jpg,
00001122_011.jpg,
00001122_019.jpg,
00001122_020.jpg,
00001122_026.jpg,
00001122_028.jpg,
00001123_000.jpg,
00001123_003.jpg,
00001123_007.jpg,
00001123_008.jpg,
00001123_009.jpg,
00001123_011.jpg,
00001123_012.jpg,
00001123_013.jpg,
00001123_015.jpg,
00001123_017.jpg,
00001123_018.jpg,
00001124_003.jpg,
00001124_005.jpg,
00001124_012.jpg,
00001124_016.jpg,
00001124_020.jpg,
00001124_023.jpg,
00001124_026.jpg,
00001125_009.jpg,
00001125_010.jpg,
00001125_018.jpg,
00001125_023.jpg,
00001126_001.jpg,
00001126_003.jpg,
00001126_009.jpg,
00001126_020.jpg,
00001126_021.jpg,
00001126_024.jpg,
00001127_003.jpg,
00001127_005.jpg,
00001127_006.jpg,
00001127_008.jpg,
00001127_016.jpg,
00001127_017.jpg,
00001127_018.jpg,
00001127_020.jpg,
00001127_021.jpg,
00001127_026.jpg,
00001127_028.jpg,
00001127_029.jpg,
00001128_000.jpg,
00001128_002.jpg,
00001128_006.jpg,
00001128_014.jpg,
00001128_026.jpg,
00001128_027.jpg,
00001129_000.jpg,
00001129_005.jpg,
00001129_011.jpg,
00001129_026.jpg,
00001130_000.jpg,
00001130_011.jpg,
00001130_012.jpg,
00001130_014.jpg,
00001130_015.jpg,
00001130_017.jpg,
00001130_018.jpg,
00001130_020.jpg,
00001130_023.jpg,
00001130_026.jpg,
00001131_003.jpg,
00001131_026.jpg,
00001132_007.jpg,
00001132_008.jpg,
00001132_014.jpg,
00001132_017.jpg,
00001132_018.jpg,
00001132_021.jpg,
00001132_022.jpg,
00001133_000.jpg,
00001133_009.jpg,
00001133_010.jpg,
00001133_014.jpg,
00001133_016.jpg,
00001133_018.jpg,
00001133_021.jpg,
00001133_026.jpg,
00001134_000.jpg,
00001134_002.jpg,
00001134_009.jpg,
00001134_013.jpg,
00001134_018.jpg,
00001134_019.jpg,
00001134_028.jpg,
00001135_004.jpg,
00001135_006.jpg,
00001135_020.jpg,
00001135_024.jpg,
00001136_005.jpg,
00001136_009.jpg,
00001136_025.jpg,
00001136_027.jpg,
00001137_005.jpg,
00001137_006.jpg,
00001137_011.jpg,
00001137_012.jpg,
00001137_013.jpg,
00001137_020.jpg,
00001137_026.jpg,
00001138_005.jpg,
00001138_015.jpg,
00001138_017.jpg,
00001138_021.jpg,
00001138_022.jpg,
00001138_024.jpg,
00001138_026.jpg,
00001139_003.jpg,
00001139_004.jpg,
00001139_012.jpg,
00001139_013.jpg,
00001139_018.jpg,
00001139_022.jpg,
00001140_007.jpg,
00001141_000.jpg,
00001141_002.jpg,
00001141_003.jpg,
00001141_005.jpg,
00001141_009.jpg,
00001141_020.jpg,
00001141_024.jpg,
00001141_026.jpg,
00001141_028.jpg,
00001142_004.jpg,
00001142_007.jpg,
00001142_008.jpg,
00001142_009.jpg,
00001142_010.jpg,
00001142_013.jpg,
00001142_016.jpg,
00001142_018.jpg,
00001142_019.jpg,
00001142_021.jpg,
00001142_023.jpg,
00001142_025.jpg,
00001142_029.jpg,
00001143_000.jpg,
00001143_009.jpg,
00001143_010.jpg,
00001143_014.jpg,
00001143_017.jpg,
00001143_020.jpg,
00001143_024.jpg,
00001143_025.jpg,
00001143_026.jpg,
00001143_029.jpg,
00001144_011.jpg,
00001144_016.jpg,
00001144_019.jpg,
00001144_020.jpg,
00001144_022.jpg,
00001144_027.jpg,
00001145_000.jpg,
00001145_005.jpg,
00001145_006.jpg,
00001145_007.jpg,
00001145_016.jpg,
00001145_022.jpg,
00001145_029.jpg,
00001146_003.jpg,
00001146_009.jpg,
00001146_012.jpg,
00001146_023.jpg,
00001146_026.jpg,
00001146_027.jpg,
00001147_004.jpg,
00001147_008.jpg,
00001147_010.jpg,
00001147_011.jpg,
00001147_016.jpg,
00001147_021.jpg,
00001148_000.jpg,
00001148_004.jpg,
00001148_009.jpg,
00001148_012.jpg,
00001148_014.jpg,
00001148_019.jpg,
00001148_022.jpg,
00001148_029.jpg,
00001149_001.jpg,
00001149_007.jpg,
00001149_010.jpg,
00001149_013.jpg,
00001149_015.jpg,
00001149_023.jpg,
00001149_027.jpg,
00001149_028.jpg,
00001149_029.jpg,
00001150_000.jpg,
00001150_005.jpg,
00001150_013.jpg,
00001150_019.jpg,
00001150_022.jpg,
00001150_027.jpg,
00001150_029.jpg,
00001151_006.jpg,
00001151_018.jpg,
00001151_029.jpg,
00001152_001.jpg,
00001152_013.jpg,
00001152_018.jpg,
00001152_022.jpg,
00001152_023.jpg,
00001153_001.jpg,
00001153_002.jpg,
00001153_006.jpg,
00001153_007.jpg,
00001153_015.jpg,
00001153_016.jpg,
00001153_026.jpg,
00001154_000.jpg,
00001154_006.jpg,
00001154_007.jpg,
00001154_011.jpg,
00001154_012.jpg,
00001154_015.jpg,
00001154_021.jpg,
00001155_000.jpg,
00001155_001.jpg,
00001155_005.jpg,
00001155_013.jpg,
00001155_015.jpg,
00001155_026.jpg,
00001156_000.jpg,
00001156_002.jpg,
00001156_006.jpg,
00001156_008.jpg,
00001156_011.jpg,
00001156_017.jpg,
00001156_021.jpg,
00001156_022.jpg,
00001156_025.jpg,
00001157_002.jpg,
00001157_011.jpg,
00001157_013.jpg,
00001157_016.jpg,
00001157_022.jpg,
00001157_028.jpg,
00001157_029.jpg,
00001158_000.jpg,
00001158_005.jpg,
00001159_007.jpg,
00001159_015.jpg,
00001159_020.jpg,
00001159_027.jpg,
00001159_029.jpg,
00001160_002.jpg,
00001160_011.jpg,
00001160_014.jpg,
00001160_018.jpg,
00001160_020.jpg,
00001160_025.jpg,
00001160_027.jpg,
00001161_003.jpg,
00001161_005.jpg,
00001161_011.jpg,
00001161_013.jpg,
00001161_015.jpg,
00001161_020.jpg,
00001161_021.jpg,
00001161_022.jpg,
00001161_027.jpg,
00001162_001.jpg,
00001162_010.jpg,
00001162_014.jpg,
00001162_023.jpg,
00001162_027.jpg,
00001163_002.jpg,
00001163_003.jpg,
00001163_004.jpg,
00001163_005.jpg,
00001163_016.jpg,
00001163_017.jpg,
00001163_019.jpg,
00001163_023.jpg,
00001163_024.jpg,
00001163_027.jpg,
00001163_028.jpg,
00001164_005.jpg,
00001164_014.jpg,
00001164_016.jpg,
00001164_022.jpg,
00001164_027.jpg,
00001164_028.jpg,
00001165_003.jpg,
00001165_006.jpg,
00001165_010.jpg,
00001165_012.jpg,
00001165_014.jpg,
00001165_029.jpg,
00001166_001.jpg,
00001166_004.jpg,
00001166_005.jpg,
00001166_009.jpg,
00001166_015.jpg,
00001166_028.jpg,
00001166_029.jpg,
00001167_004.jpg,
00001167_006.jpg,
00001167_007.jpg,
00001167_022.jpg,
00001167_024.jpg,
00001167_025.jpg,
00001168_000.jpg,
00001168_004.jpg,
00001168_006.jpg,
00001168_008.jpg,
00001168_010.jpg,
00001168_014.jpg,
00001168_015.jpg,
00001168_016.jpg,
00001168_017.jpg,
00001168_019.jpg,
00001168_023.jpg,
00001168_024.jpg,
00001168_029.jpg,
00001169_002.jpg,
00001169_011.jpg,
00001169_015.jpg,
00001169_018.jpg,
00001169_022.jpg,
00001170_002.jpg,
00001170_012.jpg,
00001170_017.jpg,
00001170_018.jpg,
00001170_021.jpg,
00001170_026.jpg,
00001171_005.jpg,
00001171_009.jpg,
00001171_010.jpg,
00001171_025.jpg,
00001172_002.jpg,
00001172_003.jpg,
00001172_005.jpg,
00001172_012.jpg,
00001172_015.jpg,
00001172_017.jpg,
00001172_018.jpg,
00001172_021.jpg,
00001172_023.jpg,
00001172_026.jpg,
00001172_027.jpg,
00001172_028.jpg,
00001172_029.jpg,
00001173_002.jpg,
00001173_010.jpg,
00001173_016.jpg,
00001173_020.jpg,
00001173_022.jpg,
00001173_024.jpg,
00001173_025.jpg,
00001173_027.jpg,
00001173_028.jpg,
00001174_003.jpg,
00001174_008.jpg,
00001174_013.jpg,
00001174_015.jpg,
00001174_019.jpg,
00001174_023.jpg,
00001175_000.jpg,
00001175_004.jpg,
00001175_011.jpg,
00001175_026.jpg,
00001175_029.jpg,
00001176_000.jpg,
00001176_001.jpg,
00001176_002.jpg,
00001176_003.jpg,
00001176_011.jpg,
00001176_012.jpg,
00001176_013.jpg,
00001176_016.jpg,
00001176_025.jpg,
00001177_000.jpg,
00001177_001.jpg,
00001177_002.jpg,
00001177_003.jpg,
00001177_018.jpg,
00001178_002.jpg,
00001178_006.jpg,
00001178_008.jpg,
00001178_013.jpg,
00001178_014.jpg,
00001178_016.jpg,
00001178_022.jpg,
00001178_023.jpg,
00001179_004.jpg,
00001179_006.jpg,
00001179_013.jpg,
00001179_023.jpg,
00001179_028.jpg,
00001179_029.jpg,
00001180_007.jpg,
00001180_019.jpg,
00001180_021.jpg,
00001181_006.jpg,
00001181_007.jpg,
00001181_015.jpg,
00001181_018.jpg,
00001181_021.jpg,
00001182_023.jpg,
00001182_026.jpg,
00001183_001.jpg,
00001183_005.jpg,
00001183_007.jpg,
00001183_008.jpg,
00001183_009.jpg,
00001183_010.jpg,
00001183_011.jpg,
00001183_019.jpg,
00001183_021.jpg,
00001183_024.jpg,
00001183_025.jpg,
00001183_026.jpg,
00001184_001.jpg,
00001184_003.jpg,
00001184_005.jpg,
00001184_007.jpg,
00001184_008.jpg,
00001184_012.jpg,
00001184_018.jpg,
00001184_027.jpg,
00001184_029.jpg,
00001185_002.jpg,
00001185_009.jpg,
00001185_015.jpg,
00001185_017.jpg,
00001185_018.jpg,
00001185_027.jpg,
00001186_000.jpg,
00001186_003.jpg,
00001186_005.jpg,
00001186_011.jpg,
00001186_012.jpg,
00001186_014.jpg,
00001186_018.jpg,
00001186_029.jpg,
00001187_001.jpg,
00001187_004.jpg,
00001187_009.jpg,
00001187_019.jpg,
00001187_020.jpg,
00001187_022.jpg,
00001187_023.jpg,
00001188_007.jpg,
00001188_010.jpg,
00001188_011.jpg,
00001188_013.jpg,
00001188_019.jpg,
00001188_025.jpg,
00001188_026.jpg,
00001188_027.jpg,
00001189_002.jpg,
00001189_004.jpg,
00001189_007.jpg,
00001189_009.jpg,
00001189_019.jpg,
00001189_020.jpg,
00001190_005.jpg,
00001190_007.jpg,
00001190_008.jpg,
00001190_009.jpg,
00001190_011.jpg,
00001190_012.jpg,
00001190_016.jpg,
00001190_017.jpg,
00001191_000.jpg,
00001191_010.jpg,
00001191_012.jpg,
00001191_013.jpg,
00001191_014.jpg,
00001191_017.jpg,
00001192_010.jpg,
00001192_011.jpg,
00001192_012.jpg,
00001192_016.jpg,
00001192_018.jpg,
00001192_022.jpg,
00001192_023.jpg,
00001193_001.jpg,
00001193_003.jpg,
00001193_005.jpg,
00001193_009.jpg,
00001193_012.jpg,
00001193_022.jpg,
00001193_024.jpg,
00001193_029.jpg,
00001194_005.jpg,
00001194_006.jpg,
00001194_007.jpg,
00001194_008.jpg,
00001194_011.jpg,
00001194_019.jpg,
00001194_025.jpg,
00001195_005.jpg,
00001195_007.jpg,
00001195_010.jpg,
00001195_011.jpg,
00001195_013.jpg,
00001195_017.jpg,
00001195_021.jpg,
00001195_028.jpg,
00001196_000.jpg,
00001196_002.jpg,
00001196_005.jpg,
00001196_006.jpg,
00001196_011.jpg,
00001196_012.jpg,
00001196_016.jpg,
00001196_028.jpg,
00001197_007.jpg,
00001197_008.jpg,
00001197_014.jpg,
00001197_017.jpg,
00001197_018.jpg,
00001197_019.jpg,
00001197_023.jpg,
00001197_024.jpg,
00001198_003.jpg,
00001198_005.jpg,
00001198_010.jpg,
00001198_013.jpg,
00001198_015.jpg,
00001198_022.jpg,
00001199_004.jpg,
00001199_010.jpg,
00001199_011.jpg,
00001199_012.jpg,
00001199_025.jpg,
00001199_026.jpg,
00001199_027.jpg,
00001199_028.jpg,
00001200_003.jpg,
00001200_004.jpg,
00001200_009.jpg,
00001200_010.jpg,
00001200_012.jpg,
00001200_016.jpg,
00001200_019.jpg,
00001200_020.jpg,
00001200_024.jpg,
00001200_025.jpg,
00001200_026.jpg,
00001200_028.jpg,
00001201_000.jpg,
00001201_001.jpg,
00001201_010.jpg,
00001201_011.jpg,
00001201_018.jpg,
00001201_019.jpg,
00001201_023.jpg,
00001201_028.jpg,
00001202_001.jpg,
00001202_002.jpg,
00001202_008.jpg,
00001202_012.jpg,
00001202_018.jpg,
00001202_020.jpg,
00001202_021.jpg,
00001202_026.jpg,
00001202_028.jpg,
00001202_029.jpg,
00001203_000.jpg,
00001203_003.jpg,
00001203_004.jpg,
00001203_011.jpg,
00001203_012.jpg,
00001203_023.jpg,
00001203_025.jpg,
00001203_027.jpg,
00001203_028.jpg,
00001203_029.jpg,
00001204_001.jpg,
00001204_002.jpg,
00001204_003.jpg,
00001204_016.jpg,
00001204_019.jpg,
00001204_022.jpg,
00001204_023.jpg,
00001204_024.jpg,
00001204_027.jpg,
00001205_000.jpg,
00001205_001.jpg,
00001205_021.jpg,
00001205_022.jpg,
00001206_002.jpg,
00001206_009.jpg,
00001206_014.jpg,
00001206_017.jpg,
00001206_018.jpg,
00001206_023.jpg,
00001206_024.jpg,
00001207_009.jpg,
00001207_011.jpg,
00001207_022.jpg,
00001208_004.jpg,
00001208_007.jpg,
00001208_014.jpg,
00001208_017.jpg,
00001208_027.jpg,
00001208_028.jpg,
00001208_029.jpg,
00001209_001.jpg,
00001209_003.jpg,
00001209_011.jpg,
00001209_023.jpg,
00001210_004.jpg,
00001210_010.jpg,
00001210_011.jpg,
00001210_018.jpg,
00001210_019.jpg,
00001210_022.jpg,
00001210_023.jpg,
00001210_025.jpg,
00001210_028.jpg,
00001210_029.jpg,
00001211_000.jpg,
00001211_001.jpg,
00001211_002.jpg,
00001211_004.jpg,
00001211_006.jpg,
00001211_010.jpg,
00001211_012.jpg,
00001211_016.jpg,
00001211_020.jpg,
00001211_029.jpg,
00001212_002.jpg,
00001212_004.jpg,
00001212_010.jpg,
00001212_014.jpg,
00001212_016.jpg,
00001212_020.jpg,
00001212_025.jpg,
00001212_027.jpg,
00001212_029.jpg,
00001213_000.jpg,
00001213_002.jpg,
00001213_008.jpg,
00001213_013.jpg,
00001213_017.jpg,
00001213_023.jpg,
00001214_002.jpg,
00001214_003.jpg,
00001214_005.jpg,
00001214_013.jpg,
00001214_021.jpg,
00001214_026.jpg,
00001215_002.jpg,
00001215_005.jpg,
00001215_009.jpg,
00001215_010.jpg,
00001215_017.jpg,
00001215_021.jpg,
00001215_023.jpg,
00001215_025.jpg,
00001215_028.jpg,
00001216_000.jpg,
00001216_002.jpg,
00001216_010.jpg,
00001217_007.jpg,
00001217_010.jpg,
00001217_011.jpg,
00001217_014.jpg,
00001217_019.jpg,
00001217_021.jpg,
00001217_022.jpg,
00001217_025.jpg,
00001217_026.jpg,
00001217_027.jpg,
00001218_003.jpg,
00001218_011.jpg,
00001218_013.jpg,
00001218_019.jpg,
00001218_026.jpg,
00001219_005.jpg,
00001219_006.jpg,
00001219_008.jpg,
00001219_011.jpg,
00001219_016.jpg,
00001219_025.jpg,
00001219_027.jpg,
00001219_028.jpg,
00001220_004.jpg,
00001220_006.jpg,
00001220_014.jpg,
00001220_017.jpg,
00001220_020.jpg,
00001220_027.jpg,
00001221_000.jpg,
00001221_005.jpg,
00001221_007.jpg,
00001221_012.jpg,
00001221_014.jpg,
00001221_015.jpg,
00001221_016.jpg,
00001221_026.jpg,
00001221_027.jpg,
00001222_003.jpg,
00001222_007.jpg,
00001222_008.jpg,
00001222_022.jpg,
00001222_027.jpg,
00001223_011.jpg,
00001223_017.jpg,
00001223_023.jpg,
00001224_005.jpg,
00001224_006.jpg,
00001224_009.jpg,
00001224_010.jpg,
00001224_012.jpg,
00001224_013.jpg,
00001224_017.jpg,
00001224_018.jpg,
00001225_000.jpg,
00001225_007.jpg,
00001225_011.jpg,
00001225_012.jpg,
00001225_013.jpg,
00001225_014.jpg,
00001225_015.jpg,
00001225_018.jpg,
00001225_019.jpg,
00001225_022.jpg,
00001225_027.jpg,
00001226_001.jpg,
00001226_003.jpg,
00001226_014.jpg,
00001227_003.jpg,
00001227_006.jpg,
00001227_008.jpg,
00001227_009.jpg,
00001227_011.jpg,
00001227_017.jpg,
00001227_022.jpg,
00001227_023.jpg,
00001227_027.jpg,
00001228_003.jpg,
00001228_005.jpg,
00001228_006.jpg,
00001228_008.jpg,
00001228_010.jpg,
00001228_013.jpg,
00001228_016.jpg,
00001228_023.jpg,
00001228_025.jpg,
00001229_002.jpg,
00001229_011.jpg,
00001229_016.jpg,
00001229_018.jpg,
00001229_019.jpg,
00001229_020.jpg,
00001229_021.jpg,
00001229_023.jpg,
00001229_024.jpg,
00001230_001.jpg,
00001230_021.jpg,
00001230_023.jpg,
00001230_024.jpg,
00001230_025.jpg,
00001230_028.jpg,
00001230_029.jpg,
00001231_001.jpg,
00001231_002.jpg,
00001231_012.jpg,
00001231_015.jpg,
00001231_017.jpg,
00001231_019.jpg,
00001231_023.jpg,
00001231_024.jpg,
00001231_026.jpg,
00001231_029.jpg,
00001232_004.jpg,
00001232_011.jpg,
00001232_020.jpg,
00001232_023.jpg,
00001232_024.jpg,
00001233_002.jpg,
00001233_003.jpg,
00001233_008.jpg,
00001233_015.jpg,
00001233_019.jpg,
00001233_020.jpg,
00001233_023.jpg,
00001233_029.jpg,
00001234_003.jpg,
00001234_004.jpg,
00001234_008.jpg,
00001234_012.jpg,
00001234_014.jpg,
00001234_015.jpg,
00001234_016.jpg,
00001234_017.jpg,
00001234_021.jpg,
00001234_028.jpg,
00001235_003.jpg,
00001235_004.jpg,
00001235_005.jpg,
00001235_017.jpg,
00001235_026.jpg,
00001235_027.jpg,
00001235_029.jpg,
00001236_000.jpg,
00001236_002.jpg,
00001236_015.jpg,
00001236_016.jpg,
00001236_018.jpg,
00001236_021.jpg,
00001236_022.jpg,
00001236_023.jpg,
00001237_002.jpg,
00001237_006.jpg,
00001237_007.jpg,
00001237_011.jpg,
00001237_014.jpg,
00001237_018.jpg,
00001237_021.jpg,
00001237_024.jpg,
00001237_025.jpg,
00001237_026.jpg,
00001237_027.jpg,
00001238_004.jpg,
00001238_027.jpg,
00001238_028.jpg,
00001239_004.jpg,
00001239_005.jpg,
00001239_009.jpg,
00001239_012.jpg,
00001239_024.jpg,
00001240_008.jpg,
00001240_009.jpg,
00001240_011.jpg,
00001240_019.jpg,
00001240_020.jpg,
00001240_022.jpg,
00001240_023.jpg,
00001240_029.jpg,
00001241_000.jpg,
00001241_016.jpg,
00001241_026.jpg,
00001242_004.jpg,
00001242_006.jpg,
00001242_007.jpg,
00001242_008.jpg,
00001242_019.jpg,
00001242_020.jpg,
00001242_021.jpg,
00001242_025.jpg,
00001242_029.jpg,
00001243_002.jpg,
00001243_010.jpg,
00001243_023.jpg,
00001244_001.jpg,
00001244_005.jpg,
00001244_008.jpg,
00001244_011.jpg,
00001244_015.jpg,
00001244_016.jpg,
00001244_020.jpg,
00001244_023.jpg,
00001244_025.jpg,
00001244_027.jpg,
00001244_028.jpg,
00001245_001.jpg,
00001245_005.jpg,
00001245_007.jpg,
00001245_029.jpg,
00001246_000.jpg,
00001246_003.jpg,
00001246_010.jpg,
00001246_013.jpg,
00001246_016.jpg,
00001246_017.jpg,
00001246_028.jpg,
00001246_029.jpg,
00001247_000.jpg,
00001247_003.jpg,
00001247_005.jpg,
00001247_011.jpg,
00001247_013.jpg,
00001247_014.jpg,
00001247_020.jpg,
00001247_023.jpg,
00001247_025.jpg,
00001247_026.jpg,
00001248_006.jpg,
00001248_014.jpg,
00001248_015.jpg,
00001248_019.jpg,
00001248_028.jpg,
00001248_029.jpg,
00001249_001.jpg,
00001249_005.jpg,
00001249_009.jpg,
00001249_013.jpg,
00001249_014.jpg,
00001249_015.jpg,
00001249_024.jpg,
00001249_028.jpg,
00001249_029.jpg,
00001250_009.jpg,
00001250_014.jpg,
00001250_019.jpg,
00001250_020.jpg,
00001250_027.jpg,
00001250_029.jpg,
00001251_005.jpg,
00001251_008.jpg,
00001251_010.jpg,
00001251_012.jpg,
00001252_002.jpg,
00001252_005.jpg,
00001252_021.jpg,
00001252_022.jpg,
00001252_026.jpg,
00001253_003.jpg,
00001253_011.jpg,
00001253_017.jpg,
00001253_021.jpg,
00001254_003.jpg,
00001254_010.jpg,
00001254_014.jpg,
00001254_027.jpg,
00001255_006.jpg,
00001255_015.jpg,
00001255_017.jpg,
00001255_019.jpg,
00001255_022.jpg,
00001255_024.jpg,
00001255_028.jpg,
00001255_029.jpg,
00001256_000.jpg,
00001256_004.jpg,
00001256_011.jpg,
00001256_019.jpg,
00001256_021.jpg,
00001256_024.jpg,
00001256_026.jpg,
00001256_027.jpg,
00001257_000.jpg,
00001257_004.jpg,
00001257_011.jpg,
00001257_012.jpg,
00001257_018.jpg,
00001257_020.jpg,
00001258_007.jpg,
00001258_011.jpg,
00001258_020.jpg,
00001258_021.jpg,
00001258_023.jpg,
00001259_000.jpg,
00001259_017.jpg,
00001259_022.jpg,
00001259_027.jpg,
00001260_007.jpg,
00001260_017.jpg,
00001260_022.jpg,
00001260_024.jpg,
00001260_025.jpg,
00001261_005.jpg,
00001261_007.jpg,
00001261_016.jpg,
00001261_020.jpg,
00001261_022.jpg,
00001261_023.jpg,
00001261_026.jpg,
00001262_000.jpg,
00001262_001.jpg,
00001262_003.jpg,
00001262_010.jpg,
00001262_011.jpg,
00001262_014.jpg,
00001262_022.jpg,
00001262_029.jpg,
00001263_000.jpg,
00001263_007.jpg,
00001263_016.jpg,
00001263_020.jpg,
00001263_023.jpg,
00001263_024.jpg,
00001263_026.jpg,
00001263_028.jpg,
00001263_029.jpg,
00001264_000.jpg,
00001264_003.jpg,
00001264_010.jpg,
00001264_011.jpg,
00001264_013.jpg,
00001264_023.jpg,
00001265_007.jpg,
00001265_019.jpg,
00001265_027.jpg,
00001266_000.jpg,
00001266_001.jpg,
00001266_003.jpg,
00001266_005.jpg,
00001266_006.jpg,
00001266_010.jpg,
00001266_011.jpg,
00001266_013.jpg,
00001266_016.jpg,
00001266_017.jpg,
00001266_026.jpg,
00001266_027.jpg,
00001267_002.jpg,
00001267_009.jpg,
00001267_012.jpg,
00001267_014.jpg,
00001268_000.jpg,
00001268_001.jpg,
00001268_005.jpg,
00001268_008.jpg,
00001268_010.jpg,
00001268_014.jpg,
00001268_020.jpg,
00001268_023.jpg,
00001268_024.jpg,
00001268_026.jpg,
00001269_006.jpg,
00001269_007.jpg,
00001269_011.jpg,
00001269_012.jpg,
00001269_024.jpg,
00001269_027.jpg,
00001270_000.jpg,
00001270_006.jpg,
00001270_008.jpg,
00001270_014.jpg,
00001270_021.jpg,
00001270_023.jpg,
00001270_026.jpg,
00001270_028.jpg,
00001271_009.jpg,
00001271_010.jpg,
00001271_018.jpg,
00001271_020.jpg,
00001271_022.jpg,
00001271_029.jpg,
00001272_004.jpg,
00001272_010.jpg,
00001272_011.jpg,
00001272_014.jpg,
00001272_016.jpg,
00001272_021.jpg,
00001273_000.jpg,
00001273_001.jpg,
00001273_015.jpg,
00001273_017.jpg,
00001273_027.jpg,
00001273_028.jpg,
00001274_001.jpg,
00001274_005.jpg,
00001274_006.jpg,
00001274_009.jpg,
00001274_011.jpg,
00001274_017.jpg,
00001274_022.jpg,
00001274_027.jpg,
00001274_029.jpg,
00001275_009.jpg,
00001275_012.jpg,
00001275_013.jpg,
00001275_014.jpg,
00001276_001.jpg,
00001276_004.jpg,
00001276_018.jpg,
00001276_024.jpg,
00001276_025.jpg,
00001277_000.jpg,
00001277_003.jpg,
00001277_004.jpg,
00001277_005.jpg,
00001277_007.jpg,
00001277_008.jpg,
00001277_023.jpg,
00001277_028.jpg,
00001278_000.jpg,
00001278_004.jpg,
00001278_014.jpg,
00001278_019.jpg,
00001278_021.jpg,
00001279_000.jpg,
00001279_005.jpg,
00001279_029.jpg,
00001280_000.jpg,
00001280_003.jpg,
00001280_004.jpg,
00001280_005.jpg,
00001280_008.jpg,
00001280_009.jpg,
00001280_012.jpg,
00001280_014.jpg,
00001280_015.jpg,
00001280_021.jpg,
00001280_022.jpg,
00001280_028.jpg,
00001280_029.jpg,
00001281_001.jpg,
00001281_010.jpg,
00001281_019.jpg,
00001281_022.jpg,
00001281_027.jpg,
00001282_004.jpg,
00001282_005.jpg,
00001282_006.jpg,
00001282_007.jpg,
00001282_008.jpg,
00001282_009.jpg,
00001282_013.jpg,
00001282_015.jpg,
00001282_017.jpg,
00001282_018.jpg,
00001283_000.jpg,
00001283_023.jpg,
00001283_025.jpg,
00001283_029.jpg,
00001284_000.jpg,
00001284_001.jpg,
00001284_004.jpg,
00001284_012.jpg,
00001284_019.jpg,
00001284_020.jpg,
00001284_029.jpg,
00001285_000.jpg,
00001285_001.jpg,
00001285_002.jpg,
00001285_008.jpg,
00001285_011.jpg,
00001285_013.jpg,
00001285_014.jpg,
00001285_015.jpg,
00001285_016.jpg,
00001286_005.jpg,
00001286_013.jpg,
00001286_015.jpg,
00001286_017.jpg,
00001287_000.jpg,
00001287_005.jpg,
00001287_006.jpg,
00001287_008.jpg,
00001287_011.jpg,
00001287_025.jpg,
00001287_027.jpg,
00001287_028.jpg,
00001288_000.jpg,
00001288_005.jpg,
00001288_017.jpg,
00001288_022.jpg,
00001288_025.jpg,
00001288_026.jpg,
00001289_000.jpg,
00001289_001.jpg,
00001289_007.jpg,
00001289_014.jpg,
00001289_018.jpg,
00001289_019.jpg,
00001289_022.jpg,
00001289_024.jpg,
00001289_025.jpg,
00001289_027.jpg,
00001290_006.jpg,
00001290_011.jpg,
00001290_027.jpg,
00001290_028.jpg,
00001290_029.jpg,
00001291_004.jpg,
00001291_005.jpg,
00001291_014.jpg,
00001291_021.jpg,
00001291_028.jpg,
